Network,Address,Contract Name,Method,Role,Wallet,Identity
Ethereum,0x90cCF2C4b3DEe7aeac9AF5950a7C60f89AF1db00,AegisConfig,whitelistAddress (single),onlyOperator,0x4a09579f3f07C474436eCbe6c4D4fF4111795650,Server Trusted Signer
Ethereum,0x90cCF2C4b3DEe7aeac9AF5950a7C60f89AF1db00,AegisConfig,whitelistAddress (batch),onlyOperator,0x4a09579f3f07C474436eCbe6c4D4fF4111795650,Server Trusted Signer
Ethereum,0x90cCF2C4b3DEe7aeac9AF5950a7C60f89AF1db00,AegisConfig,enableWhitelist,onlyOwner,0x4Fe78eF65BD8EDDED480efaB030BA680646503c8,Multisig
Ethereum,0x90cCF2C4b3DEe7aeac9AF5950a7C60f89AF1db00,AegisConfig,disableWhitelist,onlyOwner,0x4Fe78eF65BD8EDDED480efaB030BA680646503c8,Multisig
Ethereum,0x90cCF2C4b3DEe7aeac9AF5950a7C60f89AF1db00,AegisConfig,setTrustedSigner,onlyOwner,0x4Fe78eF65BD8EDDED480efaB030BA680646503c8,Multisig
Ethereum,0x90cCF2C4b3DEe7aeac9AF5950a7C60f89AF1db00,AegisConfig,setOperator,onlyOwner,0x4Fe78eF65BD8EDDED480efaB030BA680646503c8,Multisig
Ethereum,0xc4df68e592245ca5202fe8b7c438d2b799820fc2,AegisMinting,approveRedeemRequest,FUNDS_MANAGER_ROLE,0x32Bd61608702AA0dCc7C205404B05CEa2221b3ce 0x0b241d2f1a060feae6968f7ced3221d4ab29d865,Alex Maslennikov
Ethereum,0xc4df68e592245ca5202fe8b7c438d2b799820fc2,AegisMinting,rejectRedeemRequest,FUNDS_MANAGER_ROLE,0x32Bd61608702AA0dCc7C205404B05CEa2221b3ce 0x0b241d2f1a060feae6968f7ced3221d4ab29d865,Alex Maslennikov
Ethereum,0xc4df68e592245ca5202fe8b7c438d2b799820fc2,AegisMinting,mintForCrossChain,onlyCrossChainOperator,0xAF12b0Ae5A72D7b8A8eC675f3E76E2Db56143565,YUSDMintBurnOFTAdapter
Ethereum,0xc4df68e592245ca5202fe8b7c438d2b799820fc2,AegisMinting,burnForCrossChain,onlyCrossChainOperator,0xAF12b0Ae5A72D7b8A8eC675f3E76E2Db56143565,YUSDMintBurnOFTAdapter
Ethereum,0xc4df68e592245ca5202fe8b7c438d2b799820fc2,AegisMinting,depositIncome,FUNDS_MANAGER_ROLE,0x32Bd61608702AA0dCc7C205404B05CEa2221b3ce 0x0b241d2f1a060feae6968f7ced3221d4ab29d865,Alex Maslennikov
Ethereum,0xc4df68e592245ca5202fe8b7c438d2b799820fc2,AegisMinting,transferToCustody,COLLATERAL_MANAGER_ROLE,0x32Bd61608702AA0dCc7C205404B05CEa2221b3ce 0x0b241d2f1a060feae6968f7ced3221d4ab29d865,Alex Maslennikov
Ethereum,0xc4df68e592245ca5202fe8b7c438d2b799820fc2,AegisMinting,forceTransferToCustody,COLLATERAL_MANAGER_ROLE,0x32Bd61608702AA0dCc7C205404B05CEa2221b3ce 0x0b241d2f1a060feae6968f7ced3221d4ab29d865,Alex Maslennikov
Ethereum,0xc4df68e592245ca5202fe8b7c438d2b799820fc2,AegisMinting,setAegisRewardsAddress,SETTINGS_MANAGER_ROLE,0x4Fe78eF65BD8EDDED480efaB030BA680646503c8,Multisig
Ethereum,0xc4df68e592245ca5202fe8b7c438d2b799820fc2,AegisMinting,setAegisConfigAddress,DEFAULT_ADMIN_ROLE,0x4Fe78eF65BD8EDDED480efaB030BA680646503c8,Multisig
Ethereum,0xc4df68e592245ca5202fe8b7c438d2b799820fc2,AegisMinting,setInsuranceFundAddress,SETTINGS_MANAGER_ROLE,0x4Fe78eF65BD8EDDED480efaB030BA680646503c8,Multisig
Ethereum,0xc4df68e592245ca5202fe8b7c438d2b799820fc2,AegisMinting,setFeedRegistryAddress,SETTINGS_MANAGER_ROLE,0x4Fe78eF65BD8EDDED480efaB030BA680646503c8,Multisig
Ethereum,0xc4df68e592245ca5202fe8b7c438d2b799820fc2,AegisMinting,setAegisOracleAddress,SETTINGS_MANAGER_ROLE,0x4Fe78eF65BD8EDDED480efaB030BA680646503c8,Multisig
Ethereum,0xc4df68e592245ca5202fe8b7c438d2b799820fc2,AegisMinting,setCrossChainOperator,DEFAULT_ADMIN_ROLE,0x4Fe78eF65BD8EDDED480efaB030BA680646503c8,Multisig
Ethereum,0xc4df68e592245ca5202fe8b7c438d2b799820fc2,AegisMinting,setIncomeFeeBP,SETTINGS_MANAGER_ROLE,0x4Fe78eF65BD8EDDED480efaB030BA680646503c8,Multisig
Ethereum,0xc4df68e592245ca5202fe8b7c438d2b799820fc2,AegisMinting,setMintPaused,SETTINGS_MANAGER_ROLE,0x4Fe78eF65BD8EDDED480efaB030BA680646503c8,Multisig
Ethereum,0xc4df68e592245ca5202fe8b7c438d2b799820fc2,AegisMinting,setRedeemPaused,SETTINGS_MANAGER_ROLE,0x4Fe78eF65BD8EDDED480efaB030BA680646503c8,Multisig
Ethereum,0xc4df68e592245ca5202fe8b7c438d2b799820fc2,AegisMinting,setCrossChainPaused,SETTINGS_MANAGER_ROLE,0x4Fe78eF65BD8EDDED480efaB030BA680646503c8,Multisig
Ethereum,0xc4df68e592245ca5202fe8b7c438d2b799820fc2,AegisMinting,setMintFeeBP,SETTINGS_MANAGER_ROLE,0x4Fe78eF65BD8EDDED480efaB030BA680646503c8,Multisig
Ethereum,0xc4df68e592245ca5202fe8b7c438d2b799820fc2,AegisMinting,setRedeemFeeBP,SETTINGS_MANAGER_ROLE,0x4Fe78eF65BD8EDDED480efaB030BA680646503c8,Multisig
Ethereum,0xc4df68e592245ca5202fe8b7c438d2b799820fc2,AegisMinting,setMintLimits,SETTINGS_MANAGER_ROLE,0x4Fe78eF65BD8EDDED480efaB030BA680646503c8,Multisig
Ethereum,0xc4df68e592245ca5202fe8b7c438d2b799820fc2,AegisMinting,setRedeemLimits,SETTINGS_MANAGER_ROLE,0x4Fe78eF65BD8EDDED480efaB030BA680646503c8,Multisig
Ethereum,0xc4df68e592245ca5202fe8b7c438d2b799820fc2,AegisMinting,setChainlinkAssetHeartbeat,SETTINGS_MANAGER_ROLE,0x4Fe78eF65BD8EDDED480efaB030BA680646503c8,Multisig
Ethereum,0xc4df68e592245ca5202fe8b7c438d2b799820fc2,AegisMinting,addSupportedAsset,DEFAULT_ADMIN_ROLE,0x4Fe78eF65BD8EDDED480efaB030BA680646503c8,Multisig
Ethereum,0xc4df68e592245ca5202fe8b7c438d2b799820fc2,AegisMinting,removeSupportedAsset,DEFAULT_ADMIN_ROLE,0x4Fe78eF65BD8EDDED480efaB030BA680646503c8,Multisig
Ethereum,0xc4df68e592245ca5202fe8b7c438d2b799820fc2,AegisMinting,addCustodianAddress,DEFAULT_ADMIN_ROLE,0x4Fe78eF65BD8EDDED480efaB030BA680646503c8,Multisig
Ethereum,0xc4df68e592245ca5202fe8b7c438d2b799820fc2,AegisMinting,removeCustodianAddress,DEFAULT_ADMIN_ROLE,0x4Fe78eF65BD8EDDED480efaB030BA680646503c8,Multisig
Ethereum,0xc4df68e592245ca5202fe8b7c438d2b799820fc2,AegisMinting,freezeFunds,FUNDS_MANAGER_ROLE,0x32Bd61608702AA0dCc7C205404B05CEa2221b3ce 0x0b241d2f1a060feae6968f7ced3221d4ab29d865,Alex Maslennikov
Ethereum,0xc4df68e592245ca5202fe8b7c438d2b799820fc2,AegisMinting,unfreezeFunds,FUNDS_MANAGER_ROLE,0x32Bd61608702AA0dCc7C205404B05CEa2221b3ce 0x0b241d2f1a060feae6968f7ced3221d4ab29d865,Alex Maslennikov
Ethereum,0xc4df68e592245ca5202fe8b7c438d2b799820fc2,AegisMintingJUSD,approveRedeemRequest,FUNDS_MANAGER_ROLE,0x32Bd61608702AA0dCc7C205404B05CEa2221b3ce 0x0b241d2f1a060feae6968f7ced3221d4ab29d865,Alex Maslennikov
Ethereum,0xBB0F32D176590faEdC7bc552b7EAD7A86809b520,AegisMintingJUSD,rejectRedeemRequest,FUNDS_MANAGER_ROLE,0x32Bd61608702AA0dCc7C205404B05CEa2221b3ce 0x0b241d2f1a060feae6968f7ced3221d4ab29d865,Alex Maslennikov
Ethereum,0xBB0F32D176590faEdC7bc552b7EAD7A86809b520,AegisMintingJUSD,mintForCrossChain,onlyCrossChainOperator,0xAF12b0Ae5A72D7b8A8eC675f3E76E2Db56143565,YUSDMintBurnOFTAdapter
Ethereum,0xBB0F32D176590faEdC7bc552b7EAD7A86809b520,AegisMintingJUSD,burnForCrossChain,onlyCrossChainOperator,0xAF12b0Ae5A72D7b8A8eC675f3E76E2Db56143565,YUSDMintBurnOFTAdapter
Ethereum,0xBB0F32D176590faEdC7bc552b7EAD7A86809b520,AegisMintingJUSD,depositIncome,FUNDS_MANAGER_ROLE,0x32Bd61608702AA0dCc7C205404B05CEa2221b3ce 0x0b241d2f1a060feae6968f7ced3221d4ab29d865,Alex Maslennikov
Ethereum,0xBB0F32D176590faEdC7bc552b7EAD7A86809b520,AegisMintingJUSD,transferToCustody,COLLATERAL_MANAGER_ROLE,0x32Bd61608702AA0dCc7C205404B05CEa2221b3ce 0x0b241d2f1a060feae6968f7ced3221d4ab29d865,Alex Maslennikov
Ethereum,0xBB0F32D176590faEdC7bc552b7EAD7A86809b520,AegisMintingJUSD,forceTransferToCustody,COLLATERAL_MANAGER_ROLE,0x32Bd61608702AA0dCc7C205404B05CEa2221b3ce 0x0b241d2f1a060feae6968f7ced3221d4ab29d865,Alex Maslennikov
Ethereum,0xBB0F32D176590faEdC7bc552b7EAD7A86809b520,AegisMintingJUSD,setAegisRewardsAddress,SETTINGS_MANAGER_ROLE,0x4Fe78eF65BD8EDDED480efaB030BA680646503c8,Multisig
Ethereum,0xBB0F32D176590faEdC7bc552b7EAD7A86809b520,AegisMintingJUSD,setAegisConfigAddress,DEFAULT_ADMIN_ROLE,0x4Fe78eF65BD8EDDED480efaB030BA680646503c8,Multisig
Ethereum,0xBB0F32D176590faEdC7bc552b7EAD7A86809b520,AegisMintingJUSD,setInsuranceFundAddress,SETTINGS_MANAGER_ROLE,0x4Fe78eF65BD8EDDED480efaB030BA680646503c8,Multisig
Ethereum,0xBB0F32D176590faEdC7bc552b7EAD7A86809b520,AegisMintingJUSD,setFeedRegistryAddress,SETTINGS_MANAGER_ROLE,0x4Fe78eF65BD8EDDED480efaB030BA680646503c8,Multisig
Ethereum,0xBB0F32D176590faEdC7bc552b7EAD7A86809b520,AegisMintingJUSD,setAegisOracleAddress,SETTINGS_MANAGER_ROLE,0x4Fe78eF65BD8EDDED480efaB030BA680646503c8,Multisig
Ethereum,0xBB0F32D176590faEdC7bc552b7EAD7A86809b520,AegisMintingJUSD,setCrossChainOperator,DEFAULT_ADMIN_ROLE,0x4Fe78eF65BD8EDDED480efaB030BA680646503c8,Multisig
Ethereum,0xBB0F32D176590faEdC7bc552b7EAD7A86809b520,AegisMintingJUSD,setIncomeFeeBP,SETTINGS_MANAGER_ROLE,0x4Fe78eF65BD8EDDED480efaB030BA680646503c8,Multisig
Ethereum,0xBB0F32D176590faEdC7bc552b7EAD7A86809b520,AegisMintingJUSD,setMintPaused,SETTINGS_MANAGER_ROLE,0x4Fe78eF65BD8EDDED480efaB030BA680646503c8,Multisig
Ethereum,0xBB0F32D176590faEdC7bc552b7EAD7A86809b520,AegisMintingJUSD,setRedeemPaused,SETTINGS_MANAGER_ROLE,0x4Fe78eF65BD8EDDED480efaB030BA680646503c8,Multisig
Ethereum,0xBB0F32D176590faEdC7bc552b7EAD7A86809b520,AegisMintingJUSD,setCrossChainPaused,SETTINGS_MANAGER_ROLE,0x4Fe78eF65BD8EDDED480efaB030BA680646503c8,Multisig
Ethereum,0xBB0F32D176590faEdC7bc552b7EAD7A86809b520,AegisMintingJUSD,setMintFeeBP,SETTINGS_MANAGER_ROLE,0x4Fe78eF65BD8EDDED480efaB030BA680646503c8,Multisig
Ethereum,0xBB0F32D176590faEdC7bc552b7EAD7A86809b520,AegisMintingJUSD,setRedeemFeeBP,SETTINGS_MANAGER_ROLE,0x4Fe78eF65BD8EDDED480efaB030BA680646503c8,Multisig
Ethereum,0xBB0F32D176590faEdC7bc552b7EAD7A86809b520,AegisMintingJUSD,setMintLimits,SETTINGS_MANAGER_ROLE,0x4Fe78eF65BD8EDDED480efaB030BA680646503c8,Multisig
Ethereum,0xBB0F32D176590faEdC7bc552b7EAD7A86809b520,AegisMintingJUSD,setRedeemLimits,SETTINGS_MANAGER_ROLE,0x4Fe78eF65BD8EDDED480efaB030BA680646503c8,Multisig
Ethereum,0xBB0F32D176590faEdC7bc552b7EAD7A86809b520,AegisMintingJUSD,setPreCollateralizedMintLimits,SETTINGS_MANAGER_ROLE,0x4Fe78eF65BD8EDDED480efaB030BA680646503c8,Multisig
Ethereum,0xBB0F32D176590faEdC7bc552b7EAD7A86809b520,AegisMintingJUSD,setChainlinkAssetHeartbeat,SETTINGS_MANAGER_ROLE,0x4Fe78eF65BD8EDDED480efaB030BA680646503c8,Multisig
Ethereum,0xBB0F32D176590faEdC7bc552b7EAD7A86809b520,AegisMintingJUSD,addSupportedAsset,DEFAULT_ADMIN_ROLE,0x4Fe78eF65BD8EDDED480efaB030BA680646503c8,Multisig
Ethereum,0xBB0F32D176590faEdC7bc552b7EAD7A86809b520,AegisMintingJUSD,removeSupportedAsset,DEFAULT_ADMIN_ROLE,0x4Fe78eF65BD8EDDED480efaB030BA680646503c8,Multisig
Ethereum,0xBB0F32D176590faEdC7bc552b7EAD7A86809b520,AegisMintingJUSD,addCustodianAddress,DEFAULT_ADMIN_ROLE,0x4Fe78eF65BD8EDDED480efaB030BA680646503c8,Multisig
Ethereum,0xBB0F32D176590faEdC7bc552b7EAD7A86809b520,AegisMintingJUSD,removeCustodianAddress,DEFAULT_ADMIN_ROLE,0x4Fe78eF65BD8EDDED480efaB030BA680646503c8,Multisig
Ethereum,0xBB0F32D176590faEdC7bc552b7EAD7A86809b520,AegisMintingJUSD,freezeFunds,FUNDS_MANAGER_ROLE,0x32Bd61608702AA0dCc7C205404B05CEa2221b3ce 0x0b241d2f1a060feae6968f7ced3221d4ab29d865,Alex Maslennikov
Ethereum,0xBB0F32D176590faEdC7bc552b7EAD7A86809b520,AegisMintingJUSD,unfreezeFunds,FUNDS_MANAGER_ROLE,0x32Bd61608702AA0dCc7C205404B05CEa2221b3ce 0x0b241d2f1a060feae6968f7ced3221d4ab29d865,Alex Maslennikov
Ethereum,0xBB0F32D176590faEdC7bc552b7EAD7A86809b520,AegisMintingJUSD,setPreCollateralizedMinter,DEFAULT_ADMIN_ROLE,0x4Fe78eF65BD8EDDED480efaB030BA680646503c8,Multisig
Ethereum,0xBB0F32D176590faEdC7bc552b7EAD7A86809b520,AegisMintingJUSD,mintPreCollateralized,onlyPreCollateralizedMinter,0x32Bd61608702AA0dCc7C205404B05CEa2221b3ce 0x0b241d2f1a060feae6968f7ced3221d4ab29d865,Alex Maslennikov
Ethereum,0x2B4Ad1d479561064cd1C311004Aca93d15041aEc,AegisOracle,updateYUSDPrice,onlyOperator,0x4a09579f3f07C474436eCbe6c4D4fF4111795650,Server Trusted Signer
Ethereum,0x2B4Ad1d479561064cd1C311004Aca93d15041aEc,AegisOracle,setOperator,onlyOwner,0x4Fe78eF65BD8EDDED480efaB030BA680646503c8,Multisig
Ethereum,0xfA449DC17194Fdaca1dd2237C828938f1917e0E7,AegisOracleJUSD,updateJUSDPrice,onlyOperator,0x4a09579f3f07C474436eCbe6c4D4fF4111795650,Server Trusted Signer
Ethereum,0xfA449DC17194Fdaca1dd2237C828938f1917e0E7,AegisOracleJUSD,setOperator,onlyOwner,0x4Fe78eF65BD8EDDED480efaB030BA680646503c8,Multisig
Ethereum,0x8aDCFAf1B64Cc514524B80565bCc732273dDEafD,AegisRewards,finalizeRewards,REWARDS_MANAGER_ROLE,0x32Bd61608702AA0dCc7C205404B05CEa2221b3ce 0x0b241d2f1a060feae6968f7ced3221d4ab29d865,Alex Maslennikov
Ethereum,0x8aDCFAf1B64Cc514524B80565bCc732273dDEafD,AegisRewards,withdrawExpiredRewards,REWARDS_MANAGER_ROLE,0x32Bd61608702AA0dCc7C205404B05CEa2221b3ce 0x0b241d2f1a060feae6968f7ced3221d4ab29d865,Alex Maslennikov
Ethereum,0x8aDCFAf1B64Cc514524B80565bCc732273dDEafD,AegisRewards,setAegisConfigAddress,DEFAULT_ADMIN_ROLE,0x4Fe78eF65BD8EDDED480efaB030BA680646503c8,Multisig
Ethereum,0x8aDCFAf1B64Cc514524B80565bCc732273dDEafD,AegisRewards,setAegisMintingAddress,DEFAULT_ADMIN_ROLE,0x4Fe78eF65BD8EDDED480efaB030BA680646503c8,Multisig
Ethereum,0x8aDCFAf1B64Cc514524B80565bCc732273dDEafD,AegisRewards,setAegisIncomeRouterAddress,DEFAULT_ADMIN_ROLE,0x4Fe78eF65BD8EDDED480efaB030BA680646503c8,Multisig
Ethereum,0xc86168d2424d28942EE0866F043c1206bc9E4900,JUSD,setMinter,onlyOwner,0x4Fe78eF65BD8EDDED480efaB030BA680646503c8,Multisig
Ethereum,0xc86168d2424d28942EE0866F043c1206bc9E4900,JUSD,addBlackList,onlyOwner,0x4Fe78eF65BD8EDDED480efaB030BA680646503c8,Multisig
Ethereum,0xc86168d2424d28942EE0866F043c1206bc9E4900,JUSD,removeBlackList,onlyOwner,0x4Fe78eF65BD8EDDED480efaB030BA680646503c8,Multisig
Ethereum,0x4274cD7277C7bb0806Bd5FE84b9aDAE466a8DA0a,YUSD,setMinter,onlyOwner,0x4Fe78eF65BD8EDDED480efaB030BA680646503c8,Multisig
Ethereum,0x4274cD7277C7bb0806Bd5FE84b9aDAE466a8DA0a,YUSD,addBlackList,onlyOwner,0x4Fe78eF65BD8EDDED480efaB030BA680646503c8,Multisig
Ethereum,0x4274cD7277C7bb0806Bd5FE84b9aDAE466a8DA0a,YUSD,removeBlackList,onlyOwner,0x4Fe78eF65BD8EDDED480efaB030BA680646503c8,Multisig
Ethereum,0x4AA8949bb47da4b4F27345404Ba1e5E7EA90bdb3,sJUSD,setCooldownDuration,ADMIN_ROLE,0x4Fe78eF65BD8EDDED480efaB030BA680646503c8,Multisig
Ethereum,0x4AA8949bb47da4b4F27345404Ba1e5E7EA90bdb3,sJUSD,setInstantUnstakingFee,ADMIN_ROLE,0x4Fe78eF65BD8EDDED480efaB030BA680646503c8,Multisig
Ethereum,0x4AA8949bb47da4b4F27345404Ba1e5E7EA90bdb3,sJUSD,setInsuranceFund,ADMIN_ROLE,0x4Fe78eF65BD8EDDED480efaB030BA680646503c8,Multisig
Ethereum,0x4AA8949bb47da4b4F27345404Ba1e5E7EA90bdb3,sJUSD,initializeV2,ADMIN_ROLE,0x4Fe78eF65BD8EDDED480efaB030BA680646503c8,Multisig
Ethereum0x4AA8949bb47da4b4F27345404Ba1e5E7EA90bdb3,sJUSD,rescueTokens,DEFAULT_ADMIN_ROLE,0x4Fe78eF65BD8EDDED480efaB030BA680646503c8,Multisig
Ethereum,0xfE0ccc9942E98C963Fe6b4e5194EB6e3Baa4cb64,sYUSD,setCooldownDuration,ADMIN_ROLE,0x4Fe78eF65BD8EDDED480efaB030BA680646503c8,Multisig
Ethereum,0xfE0ccc9942E98C963Fe6b4e5194EB6e3Baa4cb64,sYUSD,setInstantUnstakingFee,ADMIN_ROLE,0x4Fe78eF65BD8EDDED480efaB030BA680646503c8,Multisig
Ethereum,0xfE0ccc9942E98C963Fe6b4e5194EB6e3Baa4cb64,sYUSD,setInsuranceFund,ADMIN_ROLE,0x4Fe78eF65BD8EDDED480efaB030BA680646503c8,Multisig
Ethereum,0xfE0ccc9942E98C963Fe6b4e5194EB6e3Baa4cb64,sYUSD,initializeV2,ADMIN_ROLE,0x4Fe78eF65BD8EDDED480efaB030BA680646503c8,Multisig
Ethereum,0xfE0ccc9942E98C963Fe6b4e5194EB6e3Baa4cb64,sYUSD,rescueTokens,DEFAULT_ADMIN_ROLE,0x4Fe78eF65BD8EDDED480efaB030BA680646503c8,Multisig
Ethereum,0xAF12b0Ae5A72D7b8A8eC675f3E76E2Db56143565,YUSDMintBurnOFTAdapter,setPeer,onlyOwner,0x4Fe78eF65BD8EDDED480efaB030BA680646503c8,Multisig
Ethereum,0xAF12b0Ae5A72D7b8A8eC675f3E76E2Db56143565,YUSDMintBurnOFTAdapter,setDelegate,onlyOwner,0x4Fe78eF65BD8EDDED480efaB030BA680646503c8,Multisig
Ethereum,0xAF12b0Ae5A72D7b8A8eC675f3E76E2Db56143565,YUSDMintBurnOFTAdapter,setMsgInspector,onlyOwner,0x4Fe78eF65BD8EDDED480efaB030BA680646503c8,Multisig
Ethereum,0x1a7cde558d318052add800ca30dc7464920b41fc,sYUSDOFTAdapter,setPeer,onlyOwner,0x4Fe78eF65BD8EDDED480efaB030BA680646503c8,Multisig
Ethereum,0x1a7cde558d318052add800ca30dc7464920b41fc,sYUSDOFTAdapter,setDelegate,onlyOwner,0x4Fe78eF65BD8EDDED480efaB030BA680646503c8,Multisig
Ethereum,0x1a7cde558d318052add800ca30dc7464920b41fc,sYUSDOFTAdapter,setMsgInspector,onlyOwner,0x4Fe78eF65BD8EDDED480efaB030BA680646503c8,Multisig
Ethereum,0x5b35fCA1874083000A6eF64fF27C891f311282a9,ProxyAdmin (sYUSD),upgrade,owner,0x4Fe78eF65BD8EDDED480efaB030BA680646503c8,Multisig
Ethereum,0x5b35fCA1874083000A6eF64fF27C891f311282a9,ProxyAdmin (sYUSD),upgradeAndCall,owner,0x4Fe78eF65BD8EDDED480efaB030BA680646503c8,Multisig
Ethereum,0x5b35fCA1874083000A6eF64fF27C891f311282a9,ProxyAdmin (sYUSD),changeProxyAdmin,owner,0x4Fe78eF65BD8EDDED480efaB030BA680646503c8,Multisig
Ethereum,0x133c5265661db6ba52d3cb312227779231b4a147,ProxyAdmin (sJUSD),upgrade,owner,0x4Fe78eF65BD8EDDED480efaB030BA680646503c8,Multisig
Ethereum,0x133c5265661db6ba52d3cb312227779231b4a147,ProxyAdmin (sJUSD),upgradeAndCall,owner,0x4Fe78eF65BD8EDDED480efaB030BA680646503c8,Multisig
Ethereum,0x133c5265661db6ba52d3cb312227779231b4a147,ProxyAdmin (sJUSD),changeProxyAdmin,owner,0x4Fe78eF65BD8EDDED480efaB030BA680646503c8,Multisig
BNB Smart Chain,0xAB3dBcD9B096C3fF76275038bf58eAC10D22C61f,YUSD,setMinter,onlyOwner,0x4Fe78eF65BD8EDDED480efaB030BA680646503c8,Multisig
BNB Smart Chain,0xAB3dBcD9B096C3fF76275038bf58eAC10D22C61f,YUSD,addBlackList,onlyOwner,0x4Fe78eF65BD8EDDED480efaB030BA680646503c8,Multisig
BNB Smart Chain,0xAB3dBcD9B096C3fF76275038bf58eAC10D22C61f,YUSD,removeBlackList,onlyOwner,0x4Fe78eF65BD8EDDED480efaB030BA680646503c8,Multisig
BNB Smart Chain,0x539e46827c37A3ef11c7cE521CC56B4d59E602e3,YUSDMintBurnOFTAdapter,setPeer,onlyOwner,0x4Fe78eF65BD8EDDED480efaB030BA680646503c8,Multisig
BNB Smart Chain,0x539e46827c37A3ef11c7cE521CC56B4d59E602e3,YUSDMintBurnOFTAdapter,setDelegate,onlyOwner,0x4Fe78eF65BD8EDDED480efaB030BA680646503c8,Multisig
BNB Smart Chain,0x539e46827c37A3ef11c7cE521CC56B4d59E602e3,YUSDMintBurnOFTAdapter,setMsgInspector,onlyOwner,0x4Fe78eF65BD8EDDED480efaB030BA680646503c8,Multisig
BNB Smart Chain,0x85636BF94EA95c32e945b0db30A7CDc614F2691e,sYUSDOFT,setPeer,onlyOwner,0x4Fe78eF65BD8EDDED480efaB030BA680646503c8,Multisig
BNB Smart Chain,0x85636BF94EA95c32e945b0db30A7CDc614F2691e,sYUSDOFT,setDelegate,onlyOwner,0x4Fe78eF65BD8EDDED480efaB030BA680646503c8,Multisig
BNB Smart Chain,0x85636BF94EA95c32e945b0db30A7CDc614F2691e,sYUSDOFT,setMsgInspector,onlyOwner,0x4Fe78eF65BD8EDDED480efaB030BA680646503c8,Multisig
BNB Smart Chain,0xB9f1E8417ABaedF6Fd838212267cA8260c4ca9da,AegisConfig,whitelistAddress,onlyOperator,0x4a09579f3f07C474436eCbe6c4D4fF4111795650,Server Trusted Signer
BNB Smart Chain,0xB9f1E8417ABaedF6Fd838212267cA8260c4ca9da,AegisConfig,enableWhitelist,onlyOwner,0x4Fe78eF65BD8EDDED480efaB030BA680646503c8,Multisig
BNB Smart Chain,0xB9f1E8417ABaedF6Fd838212267cA8260c4ca9da,AegisConfig,disableWhitelist,onlyOwner,0x4Fe78eF65BD8EDDED480efaB030BA680646503c8,Multisig
BNB Smart Chain,0xB9f1E8417ABaedF6Fd838212267cA8260c4ca9da,AegisConfig,setTrustedSigner,onlyOwner,0x4Fe78eF65BD8EDDED480efaB030BA680646503c8,Multisig
BNB Smart Chain,0xB9f1E8417ABaedF6Fd838212267cA8260c4ca9da,AegisConfig,setOperator,onlyOwner,0x4Fe78eF65BD8EDDED480efaB030BA680646503c8,Multisig
BNB Smart Chain,0x588FD039cAdc77ec85d25a072582624CA8d8cF15,AegisOracle,updateYUSDPrice,onlyOperator,0x4a09579f3f07C474436eCbe6c4D4fF4111795650,Server Trusted Signer
BNB Smart Chain,0x588FD039cAdc77ec85d25a072582624CA8d8cF15,AegisOracle,setOperator,onlyOwner,0x4Fe78eF65BD8EDDED480efaB030BA680646503c8,Multisig
BNB Smart Chain,0x02bf8f0e046F471709E578b1E633077096ce65CF,AegisMinting,approveRedeemRequest,FUNDS_MANAGER_ROLE,0x32Bd61608702AA0dCc7C205404B05CEa2221b3ce 0x0b241d2f1a060feae6968f7ced3221d4ab29d865,Alex Maslennikov
BNB Smart Chain,0x02bf8f0e046F471709E578b1E633077096ce65CF,AegisMinting,rejectRedeemRequest,FUNDS_MANAGER_ROLE,0x32Bd61608702AA0dCc7C205404B05CEa2221b3ce 0x0b241d2f1a060feae6968f7ced3221d4ab29d865,Alex Maslennikov
BNB Smart Chain,0x02bf8f0e046F471709E578b1E633077096ce65CF,AegisMinting,mintForCrossChain,onlyCrossChainOperator,0xAF12b0Ae5A72D7b8A8eC675f3E76E2Db56143565,YUSDMintBurnOFTAdapter
BNB Smart Chain,0x02bf8f0e046F471709E578b1E633077096ce65CF,AegisMinting,burnForCrossChain,onlyCrossChainOperator,0xAF12b0Ae5A72D7b8A8eC675f3E76E2Db56143565,YUSDMintBurnOFTAdapter
BNB Smart Chain,0x02bf8f0e046F471709E578b1E633077096ce65CF,AegisMinting,depositIncome,FUNDS_MANAGER_ROLE,0x32Bd61608702AA0dCc7C205404B05CEa2221b3ce 0x0b241d2f1a060feae6968f7ced3221d4ab29d865,Alex Maslennikov
BNB Smart Chain,0x02bf8f0e046F471709E578b1E633077096ce65CF,AegisMinting,transferToCustody,COLLATERAL_MANAGER_ROLE,0x32Bd61608702AA0dCc7C205404B05CEa2221b3ce 0x0b241d2f1a060feae6968f7ced3221d4ab29d865,Alex Maslennikov
BNB Smart Chain,0x02bf8f0e046F471709E578b1E633077096ce65CF,AegisMinting,forceTransferToCustody,COLLATERAL_MANAGER_ROLE,0x32Bd61608702AA0dCc7C205404B05CEa2221b3ce 0x0b241d2f1a060feae6968f7ced3221d4ab29d865,Alex Maslennikov
BNB Smart Chain,0x02bf8f0e046F471709E578b1E633077096ce65CF,AegisMinting,setAegisRewardsAddress,SETTINGS_MANAGER_ROLE,0x4Fe78eF65BD8EDDED480efaB030BA680646503c8,Multisig
BNB Smart Chain,0x02bf8f0e046F471709E578b1E633077096ce65CF,AegisMinting,setAegisConfigAddress,DEFAULT_ADMIN_ROLE,0x4Fe78eF65BD8EDDED480efaB030BA680646503c8,Multisig
BNB Smart Chain,0x02bf8f0e046F471709E578b1E633077096ce65CF,AegisMinting,setInsuranceFundAddress,SETTINGS_MANAGER_ROLE,0x4Fe78eF65BD8EDDED480efaB030BA680646503c8,Multisig
BNB Smart Chain,0x02bf8f0e046F471709E578b1E633077096ce65CF,AegisMinting,setFeedRegistryAddress,SETTINGS_MANAGER_ROLE,0x4Fe78eF65BD8EDDED480efaB030BA680646503c8,Multisig
BNB Smart Chain,0x02bf8f0e046F471709E578b1E633077096ce65CF,AegisMinting,setAegisOracleAddress,SETTINGS_MANAGER_ROLE,0x4Fe78eF65BD8EDDED480efaB030BA680646503c8,Multisig
BNB Smart Chain,0x02bf8f0e046F471709E578b1E633077096ce65CF,AegisMinting,setCrossChainOperator,DEFAULT_ADMIN_ROLE,0x4Fe78eF65BD8EDDED480efaB030BA680646503c8,Multisig
BNB Smart Chain,0x02bf8f0e046F471709E578b1E633077096ce65CF,AegisMinting,setIncomeFeeBP,SETTINGS_MANAGER_ROLE,0x4Fe78eF65BD8EDDED480efaB030BA680646503c8,Multisig
BNB Smart Chain,0x02bf8f0e046F471709E578b1E633077096ce65CF,AegisMinting,setMintPaused,SETTINGS_MANAGER_ROLE,0x4Fe78eF65BD8EDDED480efaB030BA680646503c8,Multisig
BNB Smart Chain,0x02bf8f0e046F471709E578b1E633077096ce65CF,AegisMinting,setRedeemPaused,SETTINGS_MANAGER_ROLE,0x4Fe78eF65BD8EDDED480efaB030BA680646503c8,Multisig
BNB Smart Chain,0x02bf8f0e046F471709E578b1E633077096ce65CF,AegisMinting,setCrossChainPaused,SETTINGS_MANAGER_ROLE,0x4Fe78eF65BD8EDDED480efaB030BA680646503c8,Multisig
BNB Smart Chain,0x02bf8f0e046F471709E578b1E633077096ce65CF,AegisMinting,setMintFeeBP,SETTINGS_MANAGER_ROLE,0x4Fe78eF65BD8EDDED480efaB030BA680646503c8,Multisig
BNB Smart Chain,0x02bf8f0e046F471709E578b1E633077096ce65CF,AegisMinting,setRedeemFeeBP,SETTINGS_MANAGER_ROLE,0x4Fe78eF65BD8EDDED480efaB030BA680646503c8,Multisig
BNB Smart Chain,0x02bf8f0e046F471709E578b1E633077096ce65CF,AegisMinting,setMintLimits,SETTINGS_MANAGER_ROLE,0x4Fe78eF65BD8EDDED480efaB030BA680646503c8,Multisig
BNB Smart Chain,0x02bf8f0e046F471709E578b1E633077096ce65CF,AegisMinting,setRedeemLimits,SETTINGS_MANAGER_ROLE,0x4Fe78eF65BD8EDDED480efaB030BA680646503c8,Multisig
BNB Smart Chain,0x02bf8f0e046F471709E578b1E633077096ce65CF,AegisMinting,setChainlinkAssetHeartbeat,SETTINGS_MANAGER_ROLE,0x4Fe78eF65BD8EDDED480efaB030BA680646503c8,Multisig
BNB Smart Chain,0x02bf8f0e046F471709E578b1E633077096ce65CF,AegisMinting,addSupportedAsset,DEFAULT_ADMIN_ROLE,0x4Fe78eF65BD8EDDED480efaB030BA680646503c8,Multisig
BNB Smart Chain,0x02bf8f0e046F471709E578b1E633077096ce65CF,AegisMinting,removeSupportedAsset,DEFAULT_ADMIN_ROLE,0x4Fe78eF65BD8EDDED480efaB030BA680646503c8,Multisig
BNB Smart Chain,0x02bf8f0e046F471709E578b1E633077096ce65CF,AegisMinting,addCustodianAddress,DEFAULT_ADMIN_ROLE,0x4Fe78eF65BD8EDDED480efaB030BA680646503c8,Multisig
BNB Smart Chain,0x02bf8f0e046F471709E578b1E633077096ce65CF,AegisMinting,removeCustodianAddress,DEFAULT_ADMIN_ROLE,0x4Fe78eF65BD8EDDED480efaB030BA680646503c8,Multisig
BNB Smart Chain,0x02bf8f0e046F471709E578b1E633077096ce65CF,AegisMinting,freezeFunds,FUNDS_MANAGER_ROLE,0x32Bd61608702AA0dCc7C205404B05CEa2221b3ce 0x0b241d2f1a060feae6968f7ced3221d4ab29d865,Alex Maslennikov
BNB Smart Chain,0x02bf8f0e046F471709E578b1E633077096ce65CF,AegisMinting,unfreezeFunds,FUNDS_MANAGER_ROLE,0x32Bd61608702AA0dCc7C205404B05CEa2221b3ce 0x0b241d2f1a060feae6968f7ced3221d4ab29d865,Alex Maslennikov
Avalanche,0xca2671Dcd031a72359f456C212F62A9bDa737cD7,YUSDOFT,addBlackList,onlyOwner,0x4Fe78eF65BD8EDDED480efaB030BA680646503c8,Multisig
Avalanche,0xca2671Dcd031a72359f456C212F62A9bDa737cD7,YUSDOFT,removeBlackList,onlyOwner,0x4Fe78eF65BD8EDDED480efaB030BA680646503c8,Multisig
Avalanche,0xca2671Dcd031a72359f456C212F62A9bDa737cD7,YUSDOFT,setPeer,onlyOwner,0x4Fe78eF65BD8EDDED480efaB030BA680646503c8,Multisig
Avalanche,0xca2671Dcd031a72359f456C212F62A9bDa737cD7,YUSDOFT,setDelegate,onlyOwner,0x4Fe78eF65BD8EDDED480efaB030BA680646503c8,Multisig
Avalanche,0xca2671Dcd031a72359f456C212F62A9bDa737cD7,YUSDOFT,setMsgInspector,onlyOwner,0x4Fe78eF65BD8EDDED480efaB030BA680646503c8,Multisig
Avalanche,0x539e46827c37A3ef11c7cE521CC56B4d59E602e3,sYUSDOFT,setPeer,onlyOwner,0x4Fe78eF65BD8EDDED480efaB030BA680646503c8,Multisig
Avalanche,0x539e46827c37A3ef11c7cE521CC56B4d59E602e3,sYUSDOFT,setDelegate,onlyOwner,0x4Fe78eF65BD8EDDED480efaB030BA680646503c8,Multisig
Avalanche,0x539e46827c37A3ef11c7cE521CC56B4d59E602e3,sYUSDOFT,setMsgInspector,onlyOwner,0x4Fe78eF65BD8EDDED480efaB030BA680646503c8,Multisig
Avalanche,0x773B65dfF82a5C49eC4002bb886b2FB4623071B4,AegisConfig,whitelistAddress,onlyOperator,0x4a09579f3f07C474436eCbe6c4D4fF4111795650,Server Trusted Signer
Avalanche,0x773B65dfF82a5C49eC4002bb886b2FB4623071B4,AegisConfig,enableWhitelist,onlyOwner,0x4Fe78eF65BD8EDDED480efaB030BA680646503c8,Multisig
Avalanche,0x773B65dfF82a5C49eC4002bb886b2FB4623071B4,AegisConfig,disableWhitelist,onlyOwner,0x4Fe78eF65BD8EDDED480efaB030BA680646503c8,Multisig
Avalanche,0x773B65dfF82a5C49eC4002bb886b2FB4623071B4,AegisConfig,setTrustedSigner,onlyOwner,0x4Fe78eF65BD8EDDED480efaB030BA680646503c8,Multisig
Avalanche,0x773B65dfF82a5C49eC4002bb886b2FB4623071B4,AegisConfig,setOperator,onlyOwner,0x4Fe78eF65BD8EDDED480efaB030BA680646503c8,Multisig
Avalanche,0xB02FC8fA9fB1cA333c2e8028Ba6Eb6C0B1cDB3Af,AegisRewardsManual,finalizeRewards,REWARDS_MANAGER_ROLE,0x82B4BCAff70FBc91b0e0f07370f83F4BE828C158,Alex Maslennikov
Avalanche,0xB02FC8fA9fB1cA333c2e8028Ba6Eb6C0B1cDB3Af,AegisRewardsManual,withdrawExpiredRewards,REWARDS_MANAGER_ROLE,0x82B4BCAff70FBc91b0e0f07370f83F4BE828C158,Alex Maslennikov
Avalanche,0xB02FC8fA9fB1cA333c2e8028Ba6Eb6C0B1cDB3Af,AegisRewardsManual,depositRewards,REWARDS_MANAGER_ROLE,0x82B4BCAff70FBc91b0e0f07370f83F4BE828C158,Alex Maslennikov
Avalanche,0xB02FC8fA9fB1cA333c2e8028Ba6Eb6C0B1cDB3Af,AegisRewardsManual,setAegisConfigAddress,DEFAULT_ADMIN_ROLE,0x4Fe78eF65BD8EDDED480efaB030BA680646503c8,Multisig
Avalanche,0xB02FC8fA9fB1cA333c2e8028Ba6Eb6C0B1cDB3Af,AegisRewardsManual,rescueAssets,DEFAULT_ADMIN_ROLE,0x4Fe78eF65BD8EDDED480efaB030BA680646503c8,Multisig
Arbitrum,0xF07781182B47e728B040f9e35321260e359fF9f7,YUSDOFT,addBlackList,onlyOwner,0x4Fe78eF65BD8EDDED480efaB030BA680646503c8,Multisig
Arbitrum,0xF07781182B47e728B040f9e35321260e359fF9f7,YUSDOFT,removeBlackList,onlyOwner,0x4Fe78eF65BD8EDDED480efaB030BA680646503c8,Multisig
Arbitrum,0xF07781182B47e728B040f9e35321260e359fF9f7,YUSDOFT,setPeer,onlyOwner,0x4Fe78eF65BD8EDDED480efaB030BA680646503c8,Multisig
Arbitrum,0xF07781182B47e728B040f9e35321260e359fF9f7,YUSDOFT,setDelegate,onlyOwner,0x4Fe78eF65BD8EDDED480efaB030BA680646503c8,Multisig
Arbitrum,0xF07781182B47e728B040f9e35321260e359fF9f7,YUSDOFT,setMsgInspector,onlyOwner,0x4Fe78eF65BD8EDDED480efaB030BA680646503c8,Multisig
Katana,0xca2671Dcd031a72359f456C212F62A9bDa737cD7,YUSDOFT,addBlackList,onlyOwner,0x4Fe78eF65BD8EDDED480efaB030BA680646503c8,Multisig
Katana,0xca2671Dcd031a72359f456C212F62A9bDa737cD7,YUSDOFT,removeBlackList,onlyOwner,0x4Fe78eF65BD8EDDED480efaB030BA680646503c8,Multisig
Katana,0xca2671Dcd031a72359f456C212F62A9bDa737cD7,YUSDOFT,setPeer,onlyOwner,0x4Fe78eF65BD8EDDED480efaB030BA680646503c8,Multisig
Katana,0xca2671Dcd031a72359f456C212F62A9bDa737cD7,YUSDOFT,setDelegate,onlyOwner,0x4Fe78eF65BD8EDDED480efaB030BA680646503c8,Multisig
Katana,0xca2671Dcd031a72359f456C212F62A9bDa737cD7,YUSDOFT,setMsgInspector,onlyOwner,0x4Fe78eF65BD8EDDED480efaB030BA680646503c8,Multisig
Katana,0xFCeF626dE4A0175ac962DD43EB0A002819FaAEFe,sYUSDOFT,setPeer,onlyOwner,0x4Fe78eF65BD8EDDED480efaB030BA680646503c8,Multisig
Katana,0xFCeF626dE4A0175ac962DD43EB0A002819FaAEFe,sYUSDOFT,setDelegate,onlyOwner,0x4Fe78eF65BD8EDDED480efaB030BA680646503c8,Multisig
Katana,0xFCeF626dE4A0175ac962DD43EB0A002819FaAEFe,sYUSDOFT,setMsgInspector,onlyOwner,0x4Fe78eF65BD8EDDED480efaB030BA680646503c8,Multisig
Base,0xca2671Dcd031a72359f456C212F62A9bDa737cD7,YUSDOFT,addBlackList,onlyOwner,0x4Fe78eF65BD8EDDED480efaB030BA680646503c8,Multisig
Base,0xca2671Dcd031a72359f456C212F62A9bDa737cD7,YUSDOFT,removeBlackList,onlyOwner,0x4Fe78eF65BD8EDDED480efaB030BA680646503c8,Multisig
Base,0xca2671Dcd031a72359f456C212F62A9bDa737cD7,YUSDOFT,setPeer,onlyOwner,0x4Fe78eF65BD8EDDED480efaB030BA680646503c8,Multisig
Base,0xca2671Dcd031a72359f456C212F62A9bDa737cD7,YUSDOFT,setDelegate,onlyOwner,0x4Fe78eF65BD8EDDED480efaB030BA680646503c8,Multisig
Base,0xca2671Dcd031a72359f456C212F62A9bDa737cD7,YUSDOFT,setMsgInspector,onlyOwner,0x4Fe78eF65BD8EDDED480efaB030BA680646503c8,Multisig
Plasma,0xF07781182B47e728B040f9e35321260e359fF9f7,YUSDOFT,addBlackList,onlyOwner,0x4Fe78eF65BD8EDDED480efaB030BA680646503c8,Multisig
Plasma,0xF07781182B47e728B040f9e35321260e359fF9f7,YUSDOFT,removeBlackList,onlyOwner,0x4Fe78eF65BD8EDDED480efaB030BA680646503c8,Multisig
Plasma,0xF07781182B47e728B040f9e35321260e359fF9f7,YUSDOFT,setPeer,onlyOwner,0x4Fe78eF65BD8EDDED480efaB030BA680646503c8,Multisig
Plasma,0xF07781182B47e728B040f9e35321260e359fF9f7,YUSDOFT,setDelegate,onlyOwner,0x4Fe78eF65BD8EDDED480efaB030BA680646503c8,Multisig
Plasma,0xF07781182B47e728B040f9e35321260e359fF9f7,YUSDOFT,setMsgInspector,onlyOwner,0x4Fe78eF65BD8EDDED480efaB030BA680646503c8,Multisig
Plasma,0xca2671Dcd031a72359f456C212F62A9bDa737cD7,sYUSDOFT,setPeer,onlyOwner,0x4Fe78eF65BD8EDDED480efaB030BA680646503c8,Multisig
Plasma,0xca2671Dcd031a72359f456C212F62A9bDa737cD7,sYUSDOFT,setDelegate,onlyOwner,0x4Fe78eF65BD8EDDED480efaB030BA680646503c8,Multisig
Plasma,0xca2671Dcd031a72359f456C212F62A9bDa737cD7,sYUSDOFT,setMsgInspector,onlyOwner,0x4Fe78eF65BD8EDDED480efaB030BA680646503c8,Multisig
